onnx/vgg16-7.onnx,vnnlib/spec0_American_coot.vnnlib,1200
onnx/vgg16-7.onnx,vnnlib/spec1_trailer_truck.vnnlib,1200
onnx/vgg16-7.onnx,vnnlib/spec2_breakwater.vnnlib,1200
onnx/vgg16-7.onnx,vnnlib/spec3_giant_panda.vnnlib,1200
onnx/vgg16-7.onnx,vnnlib/spec4_pot.vnnlib,1200
onnx/vgg16-7.onnx,vnnlib/spec5_Irish_water_spaniel.vnnlib,1200
onnx/vgg16-7.onnx,vnnlib/spec6_Greater_Swiss_Mountain_dog.vnnlib,1200
onnx/vgg16-7.onnx,vnnlib/spec7_unicycle.vnnlib,1200
onnx/vgg16-7.onnx,vnnlib/spec8_pizza.vnnlib,1200
onnx/vgg16-7.onnx,vnnlib/spec9_wig.vnnlib,1200
onnx/vgg16-7.onnx,vnnlib/spec10_shoji.vnnlib,1200
onnx/vgg16-7.onnx,vnnlib/spec11_chest.vnnlib,1200
onnx/vgg16-7.onnx,vnnlib/spec12_upright.vnnlib,1200
onnx/vgg16-7.onnx,vnnlib/spec13_hamster.vnnlib,1200
onnx/vgg16-7.onnx,vnnlib/spec14_starfish.vnnlib,1200
onnx/vgg16-7.onnx,vnnlib/spec15_Cardigan.vnnlib,1200
onnx/vgg16-7.onnx,vnnlib/spec16_racer.vnnlib,1200
onnx/vgg16-7.onnx,vnnlib/spec17_hay.vnnlib,1200
