onnx/vdp.onnx,vnnlib/vdp_0.vnnlib,600
onnx/vdp.onnx,vnnlib/vdp_1.vnnlib,600
onnx/vdp.onnx,vnnlib/vdp_2.vnnlib,600
onnx/vdp.onnx,vnnlib/vdp_3.vnnlib,600
onnx/vdp.onnx,vnnlib/vdp_4.vnnlib,600
onnx/vdp.onnx,vnnlib/vdp_5.vnnlib,600
onnx/vdp.onnx,vnnlib/vdp_6.vnnlib,600
onnx/vdp.onnx,vnnlib/vdp_7.vnnlib,600
onnx/vdp.onnx,vnnlib/vdp_8.vnnlib,600
onnx/vdp.onnx,vnnlib/vdp_9.vnnlib,600
onnx/vdp.onnx,vnnlib/vdp_10.vnnlib,600
onnx/vdp.onnx,vnnlib/vdp_11.vnnlib,600
onnx/robot.onnx,vnnlib/robot_0.vnnlib,600
onnx/robot.onnx,vnnlib/robot_1.vnnlib,600
onnx/robot.onnx,vnnlib/robot_2.vnnlib,600
onnx/robot.onnx,vnnlib/robot_3.vnnlib,600
onnx/robot.onnx,vnnlib/robot_4.vnnlib,600
onnx/robot.onnx,vnnlib/robot_5.vnnlib,600
onnx/robot.onnx,vnnlib/robot_6.vnnlib,600
onnx/robot.onnx,vnnlib/robot_7.vnnlib,600
onnx/robot.onnx,vnnlib/robot_8.vnnlib,600
onnx/robot.onnx,vnnlib/robot_9.vnnlib,600
onnx/robot.onnx,vnnlib/robot_10.vnnlib,600
onnx/robot.onnx,vnnlib/robot_11.vnnlib,600
onnx/gcas.onnx,vnnlib/gcas_0.vnnlib,600
onnx/gcas.onnx,vnnlib/gcas_1.vnnlib,600
onnx/gcas.onnx,vnnlib/gcas_2.vnnlib,600
onnx/gcas.onnx,vnnlib/gcas_3.vnnlib,600
onnx/gcas.onnx,vnnlib/gcas_4.vnnlib,600
onnx/gcas.onnx,vnnlib/gcas_5.vnnlib,600
onnx/gcas.onnx,vnnlib/gcas_6.vnnlib,600
onnx/gcas.onnx,vnnlib/gcas_7.vnnlib,600
onnx/gcas.onnx,vnnlib/gcas_8.vnnlib,600
onnx/gcas.onnx,vnnlib/gcas_9.vnnlib,600
onnx/gcas.onnx,vnnlib/gcas_10.vnnlib,600
onnx/gcas.onnx,vnnlib/gcas_11.vnnlib,600
