onnx/cifar_bias_field_0.onnx,vnnlib/prop_0.vnnlib,300
onnx/cifar_bias_field_1.onnx,vnnlib/prop_1.vnnlib,300
onnx/cifar_bias_field_2.onnx,vnnlib/prop_2.vnnlib,300
onnx/cifar_bias_field_3.onnx,vnnlib/prop_3.vnnlib,300
onnx/cifar_bias_field_4.onnx,vnnlib/prop_4.vnnlib,300
onnx/cifar_bias_field_5.onnx,vnnlib/prop_5.vnnlib,300
onnx/cifar_bias_field_6.onnx,vnnlib/prop_6.vnnlib,300
onnx/cifar_bias_field_7.onnx,vnnlib/prop_7.vnnlib,300
onnx/cifar_bias_field_8.onnx,vnnlib/prop_8.vnnlib,300
onnx/cifar_bias_field_9.onnx,vnnlib/prop_9.vnnlib,300
onnx/cifar_bias_field_10.onnx,vnnlib/prop_10.vnnlib,300
onnx/cifar_bias_field_11.onnx,vnnlib/prop_11.vnnlib,300
onnx/cifar_bias_field_12.onnx,vnnlib/prop_12.vnnlib,300
onnx/cifar_bias_field_13.onnx,vnnlib/prop_13.vnnlib,300
onnx/cifar_bias_field_14.onnx,vnnlib/prop_14.vnnlib,300
onnx/cifar_bias_field_15.onnx,vnnlib/prop_15.vnnlib,300
onnx/cifar_bias_field_16.onnx,vnnlib/prop_16.vnnlib,300
onnx/cifar_bias_field_17.onnx,vnnlib/prop_17.vnnlib,300
onnx/cifar_bias_field_18.onnx,vnnlib/prop_18.vnnlib,300
onnx/cifar_bias_field_19.onnx,vnnlib/prop_19.vnnlib,300
onnx/cifar_bias_field_20.onnx,vnnlib/prop_20.vnnlib,300
onnx/cifar_bias_field_21.onnx,vnnlib/prop_21.vnnlib,300
onnx/cifar_bias_field_22.onnx,vnnlib/prop_22.vnnlib,300
onnx/cifar_bias_field_23.onnx,vnnlib/prop_23.vnnlib,300
onnx/cifar_bias_field_24.onnx,vnnlib/prop_24.vnnlib,300
onnx/cifar_bias_field_25.onnx,vnnlib/prop_25.vnnlib,300
onnx/cifar_bias_field_26.onnx,vnnlib/prop_26.vnnlib,300
onnx/cifar_bias_field_27.onnx,vnnlib/prop_27.vnnlib,300
onnx/cifar_bias_field_28.onnx,vnnlib/prop_28.vnnlib,300
onnx/cifar_bias_field_29.onnx,vnnlib/prop_29.vnnlib,300
onnx/cifar_bias_field_30.onnx,vnnlib/prop_30.vnnlib,300
onnx/cifar_bias_field_31.onnx,vnnlib/prop_31.vnnlib,300
onnx/cifar_bias_field_32.onnx,vnnlib/prop_32.vnnlib,300
onnx/cifar_bias_field_33.onnx,vnnlib/prop_33.vnnlib,300
onnx/cifar_bias_field_34.onnx,vnnlib/prop_34.vnnlib,300
onnx/cifar_bias_field_35.onnx,vnnlib/prop_35.vnnlib,300
onnx/cifar_bias_field_36.onnx,vnnlib/prop_36.vnnlib,300
onnx/cifar_bias_field_37.onnx,vnnlib/prop_37.vnnlib,300
onnx/cifar_bias_field_38.onnx,vnnlib/prop_38.vnnlib,300
onnx/cifar_bias_field_39.onnx,vnnlib/prop_39.vnnlib,300
onnx/cifar_bias_field_40.onnx,vnnlib/prop_40.vnnlib,300
onnx/cifar_bias_field_41.onnx,vnnlib/prop_41.vnnlib,300
onnx/cifar_bias_field_42.onnx,vnnlib/prop_42.vnnlib,300
onnx/cifar_bias_field_43.onnx,vnnlib/prop_43.vnnlib,300
onnx/cifar_bias_field_44.onnx,vnnlib/prop_44.vnnlib,300
onnx/cifar_bias_field_45.onnx,vnnlib/prop_45.vnnlib,300
onnx/cifar_bias_field_46.onnx,vnnlib/prop_46.vnnlib,300
onnx/cifar_bias_field_47.onnx,vnnlib/prop_47.vnnlib,300
onnx/cifar_bias_field_48.onnx,vnnlib/prop_48.vnnlib,300
onnx/cifar_bias_field_49.onnx,vnnlib/prop_49.vnnlib,300
onnx/cifar_bias_field_50.onnx,vnnlib/prop_50.vnnlib,300
onnx/cifar_bias_field_51.onnx,vnnlib/prop_51.vnnlib,300
onnx/cifar_bias_field_52.onnx,vnnlib/prop_52.vnnlib,300
onnx/cifar_bias_field_53.onnx,vnnlib/prop_53.vnnlib,300
onnx/cifar_bias_field_54.onnx,vnnlib/prop_54.vnnlib,300
onnx/cifar_bias_field_55.onnx,vnnlib/prop_55.vnnlib,300
onnx/cifar_bias_field_56.onnx,vnnlib/prop_56.vnnlib,300
onnx/cifar_bias_field_57.onnx,vnnlib/prop_57.vnnlib,300
onnx/cifar_bias_field_58.onnx,vnnlib/prop_58.vnnlib,300
onnx/cifar_bias_field_59.onnx,vnnlib/prop_59.vnnlib,300
onnx/cifar_bias_field_60.onnx,vnnlib/prop_60.vnnlib,300
onnx/cifar_bias_field_61.onnx,vnnlib/prop_61.vnnlib,300
onnx/cifar_bias_field_62.onnx,vnnlib/prop_62.vnnlib,300
onnx/cifar_bias_field_63.onnx,vnnlib/prop_63.vnnlib,300
onnx/cifar_bias_field_64.onnx,vnnlib/prop_64.vnnlib,300
onnx/cifar_bias_field_65.onnx,vnnlib/prop_65.vnnlib,300
onnx/cifar_bias_field_66.onnx,vnnlib/prop_66.vnnlib,300
onnx/cifar_bias_field_67.onnx,vnnlib/prop_67.vnnlib,300
onnx/cifar_bias_field_68.onnx,vnnlib/prop_68.vnnlib,300
onnx/cifar_bias_field_69.onnx,vnnlib/prop_69.vnnlib,300
onnx/cifar_bias_field_70.onnx,vnnlib/prop_70.vnnlib,300
onnx/cifar_bias_field_71.onnx,vnnlib/prop_71.vnnlib,300
