onnx/model.onnx,vnnlib/cartpole_case_unsafe_0.vnnlib,2
onnx/model.onnx,vnnlib/cartpole_case_unsafe_1.vnnlib,8
onnx/model.onnx,vnnlib/cartpole_case_unsafe_2.vnnlib,4
onnx/model.onnx,vnnlib/cartpole_case_unsafe_3.vnnlib,7
onnx/model.onnx,vnnlib/cartpole_case_unsafe_4.vnnlib,1
onnx/model.onnx,vnnlib/cartpole_case_unsafe_5.vnnlib,4
onnx/model.onnx,vnnlib/cartpole_case_unsafe_6.vnnlib,6
onnx/model.onnx,vnnlib/cartpole_case_unsafe_7.vnnlib,9
onnx/model.onnx,vnnlib/cartpole_case_unsafe_8.vnnlib,4
onnx/model.onnx,vnnlib/cartpole_case_unsafe_9.vnnlib,9
onnx/model.onnx,vnnlib/cartpole_case_unsafe_10.vnnlib,8
onnx/model.onnx,vnnlib/cartpole_case_unsafe_11.vnnlib,4
onnx/model.onnx,vnnlib/cartpole_case_unsafe_12.vnnlib,1
onnx/model.onnx,vnnlib/cartpole_case_unsafe_13.vnnlib,2
onnx/model.onnx,vnnlib/cartpole_case_unsafe_14.vnnlib,5
onnx/model.onnx,vnnlib/cartpole_case_unsafe_15.vnnlib,9
onnx/model.onnx,vnnlib/cartpole_case_unsafe_16.vnnlib,4
onnx/model.onnx,vnnlib/cartpole_case_unsafe_17.vnnlib,8
onnx/model.onnx,vnnlib/cartpole_case_unsafe_18.vnnlib,10
onnx/model.onnx,vnnlib/cartpole_case_unsafe_19.vnnlib,7
onnx/model.onnx,vnnlib/cartpole_case_unsafe_20.vnnlib,9
onnx/model.onnx,vnnlib/cartpole_case_unsafe_21.vnnlib,6
onnx/model.onnx,vnnlib/cartpole_case_unsafe_22.vnnlib,2
onnx/model.onnx,vnnlib/cartpole_case_unsafe_23.vnnlib,7
onnx/model.onnx,vnnlib/cartpole_case_unsafe_24.vnnlib,8
onnx/model.onnx,vnnlib/cartpole_case_unsafe_25.vnnlib,10
onnx/model.onnx,vnnlib/cartpole_case_unsafe_26.vnnlib,3
onnx/model.onnx,vnnlib/cartpole_case_unsafe_27.vnnlib,1
onnx/model.onnx,vnnlib/cartpole_case_unsafe_28.vnnlib,9
onnx/model.onnx,vnnlib/cartpole_case_unsafe_29.vnnlib,10
onnx/model.onnx,vnnlib/cartpole_case_unsafe_30.vnnlib,9
onnx/model.onnx,vnnlib/cartpole_case_unsafe_31.vnnlib,7
onnx/model.onnx,vnnlib/cartpole_case_unsafe_32.vnnlib,9
onnx/model.onnx,vnnlib/cartpole_case_unsafe_33.vnnlib,9
onnx/model.onnx,vnnlib/cartpole_case_unsafe_34.vnnlib,8
onnx/model.onnx,vnnlib/cartpole_case_unsafe_35.vnnlib,4
onnx/model.onnx,vnnlib/cartpole_case_unsafe_36.vnnlib,6
onnx/model.onnx,vnnlib/cartpole_case_unsafe_37.vnnlib,9
onnx/model.onnx,vnnlib/cartpole_case_unsafe_38.vnnlib,8
onnx/model.onnx,vnnlib/cartpole_case_unsafe_39.vnnlib,3
onnx/model.onnx,vnnlib/cartpole_case_unsafe_40.vnnlib,2
onnx/model.onnx,vnnlib/cartpole_case_unsafe_41.vnnlib,5
onnx/model.onnx,vnnlib/cartpole_case_unsafe_42.vnnlib,2
onnx/model.onnx,vnnlib/cartpole_case_unsafe_43.vnnlib,1
onnx/model.onnx,vnnlib/cartpole_case_unsafe_44.vnnlib,5
onnx/model.onnx,vnnlib/cartpole_case_unsafe_45.vnnlib,6
onnx/model.onnx,vnnlib/cartpole_case_unsafe_46.vnnlib,5
onnx/model.onnx,vnnlib/cartpole_case_unsafe_47.vnnlib,5
onnx/model.onnx,vnnlib/cartpole_case_unsafe_48.vnnlib,6
onnx/model.onnx,vnnlib/cartpole_case_unsafe_49.vnnlib,5
onnx/model.onnx,vnnlib/cartpole_case_safe_50.vnnlib,4
onnx/model.onnx,vnnlib/cartpole_case_safe_51.vnnlib,9
onnx/model.onnx,vnnlib/cartpole_case_safe_52.vnnlib,7
onnx/model.onnx,vnnlib/cartpole_case_safe_53.vnnlib,1
onnx/model.onnx,vnnlib/cartpole_case_safe_54.vnnlib,3
onnx/model.onnx,vnnlib/cartpole_case_safe_55.vnnlib,7
onnx/model.onnx,vnnlib/cartpole_case_safe_56.vnnlib,9
onnx/model.onnx,vnnlib/cartpole_case_safe_57.vnnlib,1
onnx/model.onnx,vnnlib/cartpole_case_safe_58.vnnlib,6
onnx/model.onnx,vnnlib/cartpole_case_safe_59.vnnlib,5
onnx/model.onnx,vnnlib/cartpole_case_safe_60.vnnlib,1
onnx/model.onnx,vnnlib/cartpole_case_safe_61.vnnlib,5
onnx/model.onnx,vnnlib/cartpole_case_safe_62.vnnlib,3
onnx/model.onnx,vnnlib/cartpole_case_safe_63.vnnlib,1
onnx/model.onnx,vnnlib/cartpole_case_safe_64.vnnlib,10
onnx/model.onnx,vnnlib/cartpole_case_safe_65.vnnlib,10
onnx/model.onnx,vnnlib/cartpole_case_safe_66.vnnlib,10
onnx/model.onnx,vnnlib/cartpole_case_safe_67.vnnlib,6
onnx/model.onnx,vnnlib/cartpole_case_safe_68.vnnlib,7
onnx/model.onnx,vnnlib/cartpole_case_safe_69.vnnlib,7
onnx/model.onnx,vnnlib/cartpole_case_safe_70.vnnlib,6
onnx/model.onnx,vnnlib/cartpole_case_safe_71.vnnlib,5
onnx/model.onnx,vnnlib/cartpole_case_safe_72.vnnlib,6
onnx/model.onnx,vnnlib/cartpole_case_safe_73.vnnlib,3
onnx/model.onnx,vnnlib/cartpole_case_safe_74.vnnlib,2
onnx/model.onnx,vnnlib/cartpole_case_safe_75.vnnlib,6
onnx/model.onnx,vnnlib/cartpole_case_safe_76.vnnlib,9
onnx/model.onnx,vnnlib/cartpole_case_safe_77.vnnlib,4
onnx/model.onnx,vnnlib/cartpole_case_safe_78.vnnlib,3
onnx/model.onnx,vnnlib/cartpole_case_safe_79.vnnlib,4
onnx/model.onnx,vnnlib/cartpole_case_safe_80.vnnlib,9
onnx/model.onnx,vnnlib/cartpole_case_safe_81.vnnlib,6
onnx/model.onnx,vnnlib/cartpole_case_safe_82.vnnlib,10
onnx/model.onnx,vnnlib/cartpole_case_safe_83.vnnlib,8
onnx/model.onnx,vnnlib/cartpole_case_safe_84.vnnlib,2
onnx/model.onnx,vnnlib/cartpole_case_safe_85.vnnlib,7
onnx/model.onnx,vnnlib/cartpole_case_safe_86.vnnlib,3
onnx/model.onnx,vnnlib/cartpole_case_safe_87.vnnlib,7
onnx/model.onnx,vnnlib/cartpole_case_safe_88.vnnlib,10
onnx/model.onnx,vnnlib/cartpole_case_safe_89.vnnlib,5
onnx/model.onnx,vnnlib/cartpole_case_safe_90.vnnlib,8
onnx/model.onnx,vnnlib/cartpole_case_safe_91.vnnlib,1
onnx/model.onnx,vnnlib/cartpole_case_safe_92.vnnlib,1
onnx/model.onnx,vnnlib/cartpole_case_safe_93.vnnlib,1
onnx/model.onnx,vnnlib/cartpole_case_safe_94.vnnlib,10
onnx/model.onnx,vnnlib/cartpole_case_safe_95.vnnlib,3
onnx/model.onnx,vnnlib/cartpole_case_safe_96.vnnlib,2
onnx/model.onnx,vnnlib/cartpole_case_safe_97.vnnlib,9
onnx/model.onnx,vnnlib/cartpole_case_safe_98.vnnlib,5
onnx/model.onnx,vnnlib/cartpole_case_safe_99.vnnlib,4
