onnx/model.onnx,vnnlib/lunarlander_case_safe_0.vnnlib,3
onnx/model.onnx,vnnlib/lunarlander_case_unsafe_1.vnnlib,2
onnx/model.onnx,vnnlib/lunarlander_case_unsafe_2.vnnlib,2
onnx/model.onnx,vnnlib/lunarlander_case_safe_3.vnnlib,3
onnx/model.onnx,vnnlib/lunarlander_case_safe_4.vnnlib,2
onnx/model.onnx,vnnlib/lunarlander_case_safe_5.vnnlib,2
onnx/model.onnx,vnnlib/lunarlander_case_unsafe_6.vnnlib,2
onnx/model.onnx,vnnlib/lunarlander_case_unsafe_7.vnnlib,2
onnx/model.onnx,vnnlib/lunarlander_case_safe_8.vnnlib,2
onnx/model.onnx,vnnlib/lunarlander_case_unsafe_9.vnnlib,2
onnx/model.onnx,vnnlib/lunarlander_case_safe_10.vnnlib,3
onnx/model.onnx,vnnlib/lunarlander_case_safe_11.vnnlib,2
onnx/model.onnx,vnnlib/lunarlander_case_unsafe_12.vnnlib,2
onnx/model.onnx,vnnlib/lunarlander_case_safe_13.vnnlib,4
onnx/model.onnx,vnnlib/lunarlander_case_safe_14.vnnlib,4
onnx/model.onnx,vnnlib/lunarlander_case_unsafe_15.vnnlib,3
onnx/model.onnx,vnnlib/lunarlander_case_unsafe_16.vnnlib,3
onnx/model.onnx,vnnlib/lunarlander_case_unsafe_17.vnnlib,2
onnx/model.onnx,vnnlib/lunarlander_case_safe_18.vnnlib,3
onnx/model.onnx,vnnlib/lunarlander_case_unsafe_19.vnnlib,7
onnx/model.onnx,vnnlib/lunarlander_case_safe_20.vnnlib,9
onnx/model.onnx,vnnlib/lunarlander_case_unsafe_21.vnnlib,4
onnx/model.onnx,vnnlib/lunarlander_case_safe_22.vnnlib,6
onnx/model.onnx,vnnlib/lunarlander_case_unsafe_23.vnnlib,6
onnx/model.onnx,vnnlib/lunarlander_case_unsafe_24.vnnlib,7
onnx/model.onnx,vnnlib/lunarlander_case_unsafe_25.vnnlib,8
onnx/model.onnx,vnnlib/lunarlander_case_safe_26.vnnlib,11
onnx/model.onnx,vnnlib/lunarlander_case_unsafe_27.vnnlib,2
onnx/model.onnx,vnnlib/lunarlander_case_unsafe_28.vnnlib,2
onnx/model.onnx,vnnlib/lunarlander_case_safe_29.vnnlib,2
onnx/model.onnx,vnnlib/lunarlander_case_safe_30.vnnlib,2
onnx/model.onnx,vnnlib/lunarlander_case_unsafe_31.vnnlib,2
onnx/model.onnx,vnnlib/lunarlander_case_safe_32.vnnlib,2
onnx/model.onnx,vnnlib/lunarlander_case_unsafe_33.vnnlib,3
onnx/model.onnx,vnnlib/lunarlander_case_safe_34.vnnlib,4
onnx/model.onnx,vnnlib/lunarlander_case_unsafe_35.vnnlib,2
onnx/model.onnx,vnnlib/lunarlander_case_safe_36.vnnlib,3
onnx/model.onnx,vnnlib/lunarlander_case_unsafe_37.vnnlib,2
onnx/model.onnx,vnnlib/lunarlander_case_safe_38.vnnlib,3
onnx/model.onnx,vnnlib/lunarlander_case_safe_39.vnnlib,2
onnx/model.onnx,vnnlib/lunarlander_case_unsafe_40.vnnlib,3
onnx/model.onnx,vnnlib/lunarlander_case_safe_41.vnnlib,2
onnx/model.onnx,vnnlib/lunarlander_case_unsafe_42.vnnlib,2
onnx/model.onnx,vnnlib/lunarlander_case_unsafe_43.vnnlib,2
onnx/model.onnx,vnnlib/lunarlander_case_safe_44.vnnlib,5
onnx/model.onnx,vnnlib/lunarlander_case_safe_45.vnnlib,3
onnx/model.onnx,vnnlib/lunarlander_case_unsafe_46.vnnlib,9
onnx/model.onnx,vnnlib/lunarlander_case_safe_47.vnnlib,7
onnx/model.onnx,vnnlib/lunarlander_case_unsafe_48.vnnlib,7
onnx/model.onnx,vnnlib/lunarlander_case_unsafe_49.vnnlib,10
onnx/model.onnx,vnnlib/lunarlander_case_safe_50.vnnlib,6
onnx/model.onnx,vnnlib/lunarlander_case_unsafe_51.vnnlib,10
onnx/model.onnx,vnnlib/lunarlander_case_safe_52.vnnlib,11
onnx/model.onnx,vnnlib/lunarlander_case_safe_53.vnnlib,8
